Suite/Test/Step Name,Browser,Description,Tag,Start time,End time,Duration,Status
TL_Amazon_SearchItem_TestSuite_001,Chrome 121.0.0.0,,,03-02-2024 03:30:16,03-02-2024 03:31:13,56.731s,FAILED
,,,,,,,
Test Cases/TestListener/TC_TL_SearchItem_001,Chrome 121.0.0.0,,,03-02-2024 03:30:44,03-02-2024 03:31:13,28.225s,FAILED
Start listener action : sampleBeforeTestCase,Chrome 121.0.0.0,,,03-02-2024 03:30:45,03-02-2024 03:30:51,6.212s,PASSED
Start listener action : sampleBeforeTestCase,Chrome 121.0.0.0,,,03-02-2024 03:30:51,03-02-2024 03:30:51,0.091s,PASSED
"selectOptionByLabel(findTestObject(""Object Repository/TL_Amazon_Page_OR/Page_Online Shopping site in India Shop Onl_10c5f3/select_All Categories        Alexa Skills  _59be89""), ""search-alias=stripbooks"", true)",Chrome 121.0.0.0,,,03-02-2024 03:30:51,03-02-2024 03:30:58,6.971s,FAILED
"com.qa.test.customFunctions.CheckDropDownListElementExist(findTestObject(""TL_Amazon_Page_OR/Page_Online Shopping site in India Shop Onl_10c5f3/select_All Categories        Alexa Skills  _59be89""), ""Baby"")",Chrome 121.0.0.0,,,03-02-2024 03:30:58,03-02-2024 03:31:00,1.903s,ERROR
Start listener action : sampleAfterTestCase,Chrome 121.0.0.0,,,03-02-2024 03:31:00,03-02-2024 03:31:13,12.493s,FAILED
Start listener action : sampleAfterTestCase,Chrome 121.0.0.0,,,03-02-2024 03:31:13,03-02-2024 03:31:13,0.011s,PASSED
