Suite/Test/Step Name,Browser,Description,Tag,Start time,End time,Duration,Status
Buttons_TestSuite_001,Edge Chromium 120,,,31-01-2024 04:31:39,31-01-2024 04:32:11,32.101s,PASSED
,,,,,,,
Test Cases/Buttons/TC_Amazon_Validating_Dropdown_001,Edge Chromium 120,,,31-01-2024 04:31:40,31-01-2024 04:32:11,31.642s,PASSED
"openBrowser("""")",Edge Chromium 120,,,31-01-2024 04:31:40,31-01-2024 04:31:48,7.695s,PASSED
"navigateToUrl(""https://www.amazon.in/"")",Edge Chromium 120,,,31-01-2024 04:31:48,31-01-2024 04:31:52,3.945s,PASSED
"selectOptionByValue(findTestObject(""Object Repository/Amazon_Dropdown_OR/Page_Online Shopping site in India Shop Onl_10c5f3/select_All Categories        Alexa Skills  _59be89""), ""search-alias=stripbooks"", true)",Edge Chromium 120,,,31-01-2024 04:31:52,31-01-2024 04:31:58,5.599s,PASSED
delay(5),Edge Chromium 120,,,31-01-2024 04:31:58,31-01-2024 04:32:03,5.110s,PASSED
"selectOptionByLabel(findTestObject(""Amazon_Dropdown_OR/Page_Online Shopping site in India Shop Onl_10c5f3/select_All Categories        Alexa Skills  _59be89""), ""Electronics"", false)",Edge Chromium 120,,,31-01-2024 04:32:03,31-01-2024 04:32:04,1.046s,PASSED
delay(5),Edge Chromium 120,,,31-01-2024 04:32:04,31-01-2024 04:32:09,5.028s,PASSED
"selectOptionByIndex(findTestObject(""Amazon_Dropdown_OR/Page_Online Shopping site in India Shop Onl_10c5f3/select_All Categories        Alexa Skills  _59be89""), 6)",Edge Chromium 120,,,31-01-2024 04:32:09,31-01-2024 04:32:10,1.503s,PASSED
closeBrowser(),Edge Chromium 120,,,31-01-2024 04:32:10,31-01-2024 04:32:11,0.999s,PASSED
