Suite/Test/Step Name,Browser,Description,Tag,Start time,End time,Duration,Status
TL_Amazon_SearchItem_TestSuite_001,Chrome 121.0.0.0,,,03-02-2024 03:23:59,03-02-2024 03:25:46,1m - 46.318s,ERROR
,,,,,,,
Test Cases/TestListener/TC_TL_SearchItem_001,Chrome 121.0.0.0,,,03-02-2024 03:24:44,03-02-2024 03:25:46,1m - 2.080s,ERROR
Start listener action : sampleBeforeTestCase,Chrome 121.0.0.0,,,03-02-2024 03:24:44,03-02-2024 03:24:52,7.464s,PASSED
Start listener action : sampleBeforeTestCase,Chrome 121.0.0.0,,,03-02-2024 03:24:52,03-02-2024 03:24:52,0.064s,PASSED
"selectOptionByValue(findTestObject(""Object Repository/TL_Amazon_Page_OR/Page_Online Shopping site in India Shop Onl_10c5f3/select_All Categories        Alexa Skills  _59be89""), ""search-alias=stripbooks"", true)",Chrome 121.0.0.0,,,03-02-2024 03:24:52,03-02-2024 03:25:28,36.151s,PASSED
"com.qa.test.customFunctions.CheckDropDownListElementExist(findTestObject(""TL_Amazon_Page_OR/Page_Online Shopping site in India Shop Onl_10c5f3/select_All Categories        Alexa Skills  _59be89""), ""Baby"")",Chrome 121.0.0.0,,,03-02-2024 03:25:28,03-02-2024 03:25:31,3.097s,ERROR
Start listener action : sampleAfterTestCase,Chrome 121.0.0.0,,,03-02-2024 03:25:31,03-02-2024 03:25:46,14.647s,FAILED
Start listener action : sampleAfterTestCase,Chrome 121.0.0.0,,,03-02-2024 03:25:46,03-02-2024 03:25:46,0.013s,PASSED
