Suite/Test/Step Name,Browser,Description,Tag,Start time,End time,Duration,Status
TL_Amazon_SearchItem_TestSuite_001,Chrome 121.0.0.0,,,02-02-2024 06:03:55,02-02-2024 06:04:34,38.252s,PASSED
,,,,,,,
Test Cases/TestListener/TC_TL_SearchItem_001,Chrome 121.0.0.0,,,02-02-2024 06:04:13,02-02-2024 06:04:34,20.586s,PASSED
Start listener action : sampleBeforeTestCase,Chrome 121.0.0.0,,,02-02-2024 06:04:13,02-02-2024 06:04:18,5.402s,PASSED
Start listener action : sampleBeforeTestCase,Chrome 121.0.0.0,,,02-02-2024 06:04:18,02-02-2024 06:04:18,0.041s,PASSED
"selectOptionByValue(findTestObject(""Object Repository/TL_Amazon_Page_OR/Page_Online Shopping site in India Shop Onl_10c5f3/select_All Categories        Alexa Skills  _59be89""), ""search-alias=stripbooks"", true)",Chrome 121.0.0.0,,,02-02-2024 06:04:19,02-02-2024 06:04:24,5.769s,PASSED
"setText(findTestObject(""Object Repository/TL_Amazon_Page_OR/Page_Online Shopping site in India Shop Onl_10c5f3/input_field-keywords""), ""Da Vinci Code"")",Chrome 121.0.0.0,,,02-02-2024 06:04:24,02-02-2024 06:04:26,1.950s,PASSED
"click(findTestObject(""Object Repository/TL_Amazon_Page_OR/Page_Online Shopping site in India Shop Onl_10c5f3/inputnav-search-submit-button""))",Chrome 121.0.0.0,,,02-02-2024 06:04:26,02-02-2024 06:04:30,3.295s,PASSED
Start listener action : sampleAfterTestCase,Chrome 121.0.0.0,,,02-02-2024 06:04:30,02-02-2024 06:04:34,3.877s,PASSED
Start listener action : sampleAfterTestCase,Chrome 121.0.0.0,,,02-02-2024 06:04:34,02-02-2024 06:04:34,0.015s,PASSED
