Suite/Test/Step Name,Browser,Description,Tag,Start time,End time,Duration,Status
TL_Amazon_SearchItem_TestSuite_001,Chrome 121.0.0.0,,,03-02-2024 03:40:31,03-02-2024 03:41:33,1m - 2.535s,ERROR
,,,,,,,
Test Cases/TestListener/TC_TL_SearchItem_001,Chrome 121.0.0.0,,,03-02-2024 03:41:01,03-02-2024 03:41:33,32.604s,ERROR
Start listener action : sampleBeforeTestCase,Chrome 121.0.0.0,,,03-02-2024 03:41:01,03-02-2024 03:41:08,6.988s,PASSED
Start listener action : sampleBeforeTestCase,Chrome 121.0.0.0,,,03-02-2024 03:41:08,03-02-2024 03:41:08,0.121s,PASSED
"selectOptionByLabel(findTestObject(""Object Repository/TL_Amazon_Page_OR/Page_Online Shopping site in India Shop Onl_10c5f3/select_All Categories        Alexa Skills  _59be89""), ""Books"", true)",Chrome 121.0.0.0,,,03-02-2024 03:41:09,03-02-2024 03:41:19,10.138s,PASSED
"com.qa.test.customFunctions.CheckDropDownListElementExist(findTestObject(""TL_Amazon_Page_OR/Page_Online Shopping site in India Shop Onl_10c5f3/select_All Categories        Alexa Skills  _59be89""), ""Baby"")",Chrome 121.0.0.0,,,03-02-2024 03:41:19,03-02-2024 03:41:20,1.011s,ERROR
Start listener action : sampleAfterTestCase,Chrome 121.0.0.0,,,03-02-2024 03:41:21,03-02-2024 03:41:33,12.344s,FAILED
Start listener action : sampleAfterTestCase,Chrome 121.0.0.0,,,03-02-2024 03:41:33,03-02-2024 03:41:33,0.018s,PASSED
